{"cameraMode":{"drawMode":0,"name":"Shaded","section":"Shading Mode"},"sceneLighting":false,"audioPlay":false,"sceneViewState":{"showFog":true,"showMaterialUpdate":false,"showSkybox":false,"showFlares":true,"showImageEffects":true,"showParticleSystems":true},"in2DMode":false,"pivot":{"x":2.9759745597839357,"y":14.21221923828125,"z":6.079280853271484},"rotation":{"x":-0.027317384257912637,"y":0.9251359105110169,"z":-0.37252849340438845,"w":-0.06783969700336456},"size":26.8352108001709,"orthographic":false}