{"cameraMode":{"drawMode":0,"name":"Shaded","section":"Shading Mode"},"sceneLighting":false,"audioPlay":false,"sceneViewState":{"showFog":true,"showMaterialUpdate":false,"showSkybox":false,"showFlares":true,"showImageEffects":true,"showParticleSystems":true},"in2DMode":false,"pivot":{"x":-0.5691760182380676,"y":0.3170059323310852,"z":0.6067751049995422},"rotation":{"x":-0.04920975863933563,"y":0.2813604772090912,"z":-0.014449256472289563,"w":-0.9582331776618958},"size":0.6370283365249634,"orthographic":false}